trial,testing,parameters,initial_deadline,final_deadline,net_reward,actions,success
1,False,"{'a': 0.01, 'e': 0.9999500004166653}",20,0,-90.38234298793512,"{0: 12, 1: 2, 2: 5, 3: 0, 4: 1}",0
2,False,"{'a': 0.01, 'e': 0.9998000066665778}",25,0,-155.25509087216068,"{0: 15, 1: 2, 2: 4, 3: 2, 4: 2}",0
3,False,"{'a': 0.01, 'e': 0.9995500337489875}",25,0,-77.04288656162171,"{0: 17, 1: 3, 2: 4, 3: 0, 4: 1}",0
4,False,"{'a': 0.01, 'e': 0.9992001066609779}",20,0,-138.07944052566762,"{0: 9, 1: 6, 2: 2, 3: 1, 4: 2}",0
5,False,"{'a': 0.01, 'e': 0.9987502603949663}",20,0,-68.40498349993614,"{0: 15, 1: 1, 2: 2, 3: 1, 4: 1}",0
6,False,"{'a': 0.01, 'e': 0.9982005399352042}",25,0,-225.20429895710419,"{0: 13, 1: 1, 2: 5, 3: 3, 4: 3}",0
7,False,"{'a': 0.01, 'e': 0.9975510002532796}",25,0,-52.5876769528453,"{0: 15, 1: 7, 2: 3, 3: 0, 4: 0}",0
8,False,"{'a': 0.01, 'e': 0.9968017063026194}",20,0,-146.981104836193,"{0: 11, 1: 0, 2: 6, 3: 1, 4: 2}",0
9,False,"{'a': 0.01, 'e': 0.9959527330119943}",30,0,-127.59381905420997,"{0: 19, 1: 2, 2: 6, 3: 2, 4: 1}",0
10,False,"{'a': 0.01, 'e': 0.9950041652780258}",20,0,-122.91439969337561,"{0: 13, 1: 0, 2: 4, 3: 1, 4: 2}",0
11,False,"{'a': 0.01, 'e': 0.9939560979566968}",25,0,-57.43202235324633,"{0: 18, 1: 1, 2: 5, 3: 1, 4: 0}",0
12,False,"{'a': 0.01, 'e': 0.9928086358538663}",20,0,-159.49643778430732,"{0: 11, 1: 4, 2: 1, 3: 1, 4: 3}",0
13,False,"{'a': 0.01, 'e': 0.9915618937147881}",20,0,-93.43081663709646,"{0: 14, 1: 1, 2: 2, 3: 2, 4: 1}",0
14,False,"{'a': 0.01, 'e': 0.9902159962126371}",20,3,-27.2105453184296,"{0: 12, 1: 2, 2: 3, 3: 0, 4: 0}",1
15,False,"{'a': 0.01, 'e': 0.9887710779360422}",25,6,-119.77667418022679,"{0: 12, 1: 0, 2: 4, 3: 1, 4: 2}",1
16,False,"{'a': 0.01, 'e': 0.9872272833756269}",25,0,-117.4692178433091,"{0: 12, 1: 4, 2: 7, 3: 2, 4: 0}",0
17,False,"{'a': 0.01, 'e': 0.9855847669095608}",20,0,-85.79928284023853,"{0: 13, 1: 2, 2: 3, 3: 1, 4: 1}",0
18,False,"{'a': 0.01, 'e': 0.9838436927881214}",25,0,-112.47507462633995,"{0: 15, 1: 1, 2: 8, 3: 0, 4: 1}",0
19,False,"{'a': 0.01, 'e': 0.9820042351172703}",20,0,-181.56645832619117,"{0: 10, 1: 1, 2: 5, 3: 1, 4: 3}",0
20,False,"{'a': 0.01, 'e': 0.9800665778412416}",20,0,-107.85187467192026,"{0: 11, 1: 4, 2: 2, 3: 2, 4: 1}",0
21,False,"{'a': 0.01, 'e': 0.9780309147241483}",20,0,-101.39306865839447,"{0: 10, 1: 2, 2: 6, 3: 2, 4: 0}",0
22,False,"{'a': 0.01, 'e': 0.9758974493306055}",20,0,-90.18523819873015,"{0: 13, 1: 1, 2: 4, 3: 1, 4: 1}",0
23,False,"{'a': 0.01, 'e': 0.9736663950053749}",20,0,-14.169188317603721,"{0: 15, 1: 4, 2: 1, 3: 0, 4: 0}",0
24,False,"{'a': 0.01, 'e': 0.9713379748520297}",20,0,-151.3328966981911,"{0: 10, 1: 2, 2: 5, 3: 1, 4: 2}",0
25,False,"{'a': 0.01, 'e': 0.9689124217106447}",20,0,-69.97830501559348,"{0: 14, 1: 1, 2: 4, 3: 0, 4: 1}",0
26,False,"{'a': 0.01, 'e': 0.9663899781345132}",20,9,-18.53017733682751,"{0: 7, 1: 2, 2: 2, 3: 0, 4: 0}",1
27,False,"{'a': 0.01, 'e': 0.9637708963658905}",20,0,-180.1191222777117,"{0: 10, 1: 1, 2: 5, 3: 1, 4: 3}",0
28,False,"{'a': 0.01, 'e': 0.9610554383107709}",20,9,-87.54557587243733,"{0: 7, 1: 1, 2: 1, 3: 0, 4: 2}",1
29,False,"{'a': 0.01, 'e': 0.9582438755126972}",30,10,-190.38703079236132,"{0: 10, 1: 3, 2: 3, 3: 0, 4: 4}",1
30,False,"{'a': 0.01, 'e': 0.955336489125606}",25,0,-127.60468628386113,"{0: 13, 1: 2, 2: 9, 3: 0, 4: 1}",0
31,False,"{'a': 0.01, 'e': 0.9523335698857134}",30,0,-167.3759578073003,"{0: 18, 1: 6, 2: 2, 3: 1, 4: 3}",0
32,False,"{'a': 0.01, 'e': 0.9492354180824408}",20,0,-112.01646534014017,"{0: 13, 1: 1, 2: 4, 3: 0, 4: 2}",0
33,False,"{'a': 0.01, 'e': 0.946042343528387}",20,0,-40.88935609788823,"{0: 13, 1: 2, 2: 5, 3: 0, 4: 0}",0
34,False,"{'a': 0.01, 'e': 0.9427546655283462}",20,0,-130.4611297403912,"{0: 12, 1: 2, 2: 1, 3: 4, 4: 1}",0
35,False,"{'a': 0.01, 'e': 0.9393727128473789}",20,0,-88.38393040110493,"{0: 12, 1: 1, 2: 6, 3: 0, 4: 1}",0
36,False,"{'a': 0.01, 'e': 0.9358968236779348}",30,0,-129.89690861284313,"{0: 19, 1: 4, 2: 4, 3: 1, 4: 2}",0
37,False,"{'a': 0.01, 'e': 0.9323273456060345}",20,0,-100.96332269512915,"{0: 12, 1: 2, 2: 4, 3: 1, 4: 1}",0
38,False,"{'a': 0.01, 'e': 0.9286646355765102}",25,0,-124.54016904011976,"{0: 16, 1: 5, 2: 0, 3: 2, 4: 2}",0
39,False,"{'a': 0.01, 'e': 0.9249090598573131}",20,15,-1.2351277665439533,"{0: 4, 1: 0, 2: 1, 3: 0, 4: 0}",1
40,False,"{'a': 0.01, 'e': 0.9210609940028851}",20,0,-209.11479734051554,"{0: 9, 1: 3, 2: 4, 3: 0, 4: 4}",0
41,False,"{'a': 0.01, 'e': 0.9171208228166051}",25,0,-101.03622931468858,"{0: 17, 1: 4, 2: 1, 3: 1, 4: 2}",0
42,False,"{'a': 0.01, 'e': 0.9130889403123083}",20,0,-81.7569521936785,"{0: 15, 1: 2, 2: 1, 3: 0, 4: 2}",0
43,False,"{'a': 0.01, 'e': 0.9089657496748851}",20,0,-110.39632970069846,"{0: 11, 1: 3, 2: 3, 3: 2, 4: 1}",0
44,False,"{'a': 0.01, 'e': 0.9047516632199634}",30,0,-195.69737459059877,"{0: 18, 1: 1, 2: 5, 3: 4, 4: 2}",0
45,False,"{'a': 0.01, 'e': 0.9004471023526769}",25,0,-147.21068456481183,"{0: 15, 1: 1, 2: 6, 3: 1, 4: 2}",0
46,False,"{'a': 0.01, 'e': 0.8960524975255252}",25,0,-222.52248556202608,"{0: 11, 1: 5, 2: 5, 3: 0, 4: 4}",0
47,False,"{'a': 0.01, 'e': 0.891568288195329}",20,0,-188.3294897188413,"{0: 8, 1: 3, 2: 6, 3: 0, 4: 3}",0
48,False,"{'a': 0.01, 'e': 0.8869949227792842}",30,0,-148.43218493193697,"{0: 20, 1: 4, 2: 3, 3: 0, 4: 3}",0
49,False,"{'a': 0.01, 'e': 0.8823328586101215}",20,12,-0.33519313896914715,"{0: 6, 1: 2, 2: 0, 3: 0, 4: 0}",1
50,False,"{'a': 0.01, 'e': 0.8775825618903728}",25,0,-111.24583530968489,"{0: 14, 1: 6, 2: 2, 3: 2, 4: 1}",0
51,False,"{'a': 0.01, 'e': 0.8727445076457513}",25,10,-2.1632046262291382,"{0: 13, 1: 1, 2: 0, 3: 1, 4: 0}",1
52,False,"{'a': 0.01, 'e': 0.8678191796776499}",25,0,-167.0837096701744,"{0: 15, 1: 1, 2: 6, 3: 0, 4: 3}",0
53,False,"{'a': 0.01, 'e': 0.862807070514761}",35,0,-156.8018398383999,"{0: 21, 1: 1, 2: 10, 3: 2, 4: 1}",0
54,False,"{'a': 0.01, 'e': 0.8577086813638242}",20,0,-14.939928460542705,"{0: 17, 1: 1, 2: 1, 3: 1, 4: 0}",0
55,False,"{'a': 0.01, 'e': 0.8525245220595057}",20,6,-7.14686939197227,"{0: 11, 1: 2, 2: 1, 3: 0, 4: 0}",1
56,False,"{'a': 0.01, 'e': 0.8472551110134161}",35,1,-103.50322045268523,"{0: 22, 1: 4, 2: 7, 3: 0, 4: 1}",1
57,False,"{'a': 0.01, 'e': 0.8419009751622687}",20,0,-32.89455967154072,"{0: 13, 1: 4, 2: 3, 3: 0, 4: 0}",0
58,False,"{'a': 0.01, 'e': 0.8364626499151869}",20,0,-170.34913224989407,"{0: 13, 1: 1, 2: 2, 3: 0, 4: 4}",0
59,False,"{'a': 0.01, 'e': 0.8309406791001636}",25,0,-88.3250062243779,"{0: 17, 1: 2, 2: 4, 3: 1, 4: 1}",0
60,False,"{'a': 0.01, 'e': 0.8253356149096783}",20,0,-64.36372538402719,"{0: 11, 1: 5, 2: 2, 3: 2, 4: 0}",0
61,False,"{'a': 0.01, 'e': 0.8196480178454795}",20,0,-173.82934896696312,"{0: 10, 1: 3, 2: 1, 3: 4, 4: 2}",0
62,False,"{'a': 0.01, 'e': 0.8138784566625339}",20,0,-78.37518224855555,"{0: 12, 1: 3, 2: 2, 3: 3, 4: 0}",0
63,False,"{'a': 0.01, 'e': 0.8080275083121519}",30,0,-187.47807232987273,"{0: 17, 1: 3, 2: 7, 3: 0, 4: 3}",0
64,False,"{'a': 0.01, 'e': 0.8020957578842927}",20,0,-175.54995750764382,"{0: 10, 1: 2, 2: 4, 3: 1, 4: 3}",0
65,False,"{'a': 0.01, 'e': 0.7960837985490559}",20,0,-129.43852992545672,"{0: 13, 1: 0, 2: 3, 3: 2, 4: 2}",0
66,False,"{'a': 0.01, 'e': 0.7899922314973651}",30,0,-77.94685870639792,"{0: 20, 1: 2, 2: 7, 3: 1, 4: 0}",0
67,False,"{'a': 0.01, 'e': 0.7838216658808492}",25,0,-106.36939860988667,"{0: 17, 1: 2, 2: 4, 3: 0, 4: 2}",0
68,False,"{'a': 0.01, 'e': 0.7775727187509279}",20,6,-33.609788524001374,"{0: 11, 1: 2, 2: 0, 3: 0, 4: 1}",1
69,False,"{'a': 0.01, 'e': 0.7712460149971065}",30,0,-89.87124325247005,"{0: 23, 1: 2, 2: 3, 3: 0, 4: 2}",0
70,False,"{'a': 0.01, 'e': 0.7648421872844884}",25,0,-69.69454617207828,"{0: 15, 1: 4, 2: 5, 3: 1, 4: 0}",0
71,False,"{'a': 0.01, 'e': 0.7583618759905082}",35,2,-69.16641076853304,"{0: 25, 1: 0, 2: 6, 3: 2, 4: 0}",1
72,False,"{'a': 0.01, 'e': 0.751805729140895}",20,0,-161.35674044099244,"{0: 11, 1: 0, 2: 5, 3: 2, 4: 2}",0
73,False,"{'a': 0.01, 'e': 0.7451744023448704}",30,15,-12.72686303016899,"{0: 11, 1: 3, 2: 1, 3: 0, 4: 0}",1
74,False,"{'a': 0.01, 'e': 0.7384685587295879}",25,0,-136.53176718656337,"{0: 14, 1: 6, 2: 2, 3: 1, 4: 2}",0
75,False,"{'a': 0.01, 'e': 0.7316888688738209}",20,0,-91.66727795840252,"{0: 13, 1: 0, 2: 5, 3: 1, 4: 1}",0
76,False,"{'a': 0.01, 'e': 0.7248360107409052}",20,0,-126.51354771543804,"{0: 11, 1: 4, 2: 2, 3: 1, 4: 2}",0
77,False,"{'a': 0.01, 'e': 0.7179106696109433}",20,0,-53.3684969955325,"{0: 10, 1: 7, 2: 3, 3: 0, 4: 0}",0
78,False,"{'a': 0.01, 'e': 0.7109135380122773}",25,6,-108.10228130310591,"{0: 12, 1: 2, 2: 2, 3: 1, 4: 2}",1
79,False,"{'a': 0.01, 'e': 0.7038453156522361}",30,11,-72.50019691691425,"{0: 11, 1: 4, 2: 3, 3: 0, 4: 1}",1
80,False,"{'a': 0.01, 'e': 0.6967067093471654}",30,16,-58.716853881913195,"{0: 9, 1: 1, 2: 3, 3: 0, 4: 1}",1
81,False,"{'a': 0.01, 'e': 0.689498432951747}",25,0,-101.83629402995335,"{0: 18, 1: 2, 2: 1, 3: 3, 4: 1}",0
82,False,"{'a': 0.01, 'e': 0.6822212072876135}",30,0,-178.5230289002993,"{0: 18, 1: 3, 2: 6, 3: 0, 4: 3}",0
83,False,"{'a': 0.01, 'e': 0.674875760071267}",20,0,-52.38633952648734,"{0: 15, 1: 1, 2: 3, 3: 0, 4: 1}",0
84,False,"{'a': 0.01, 'e': 0.6674628258413081}",20,1,-60.14657085094816,"{0: 12, 1: 2, 2: 3, 3: 2, 4: 0}",1
85,False,"{'a': 0.01, 'e': 0.6599831458849822}",20,0,-145.81823522607667,"{0: 12, 1: 2, 2: 3, 3: 0, 4: 3}",0
86,False,"{'a': 0.01, 'e': 0.6524374681640519}",25,0,-73.31283956952268,"{0: 21, 1: 1, 2: 1, 3: 0, 4: 2}",0
87,False,"{'a': 0.01, 'e': 0.6448265472400012}",25,11,-58.46530181819924,"{0: 10, 1: 1, 2: 1, 3: 1, 4: 1}",1
88,False,"{'a': 0.01, 'e': 0.6371511441985802}",20,2,-24.387133279641322,"{0: 16, 1: 1, 2: 0, 3: 0, 4: 1}",1
89,False,"{'a': 0.01, 'e': 0.6294120265736969}",25,0,-139.69316377577658,"{0: 17, 1: 0, 2: 4, 3: 2, 4: 2}",0
90,False,"{'a': 0.01, 'e': 0.6216099682706644}",20,1,-24.576930744151383,"{0: 14, 1: 1, 2: 4, 3: 0, 4: 0}",1
91,False,"{'a': 0.01, 'e': 0.6137457494888116}",20,2,-1.7199166010274032,"{0: 15, 1: 1, 2: 2, 3: 0, 4: 0}",1
92,False,"{'a': 0.01, 'e': 0.6058201566434628}",25,10,-93.365730631179,"{0: 9, 1: 3, 2: 1, 3: 0, 4: 2}",1
93,False,"{'a': 0.01, 'e': 0.5978339822872982}",25,0,-76.2616476333852,"{0: 17, 1: 3, 2: 4, 3: 0, 4: 1}",0
94,False,"{'a': 0.01, 'e': 0.5897880250310982}",25,0,-105.32403559926544,"{0: 17, 1: 1, 2: 4, 3: 2, 4: 1}",0
95,False,"{'a': 0.01, 'e': 0.5816830894638835}",20,4,9.571259924200252,"{0: 15, 1: 0, 2: 1, 3: 0, 4: 0}",1
96,False,"{'a': 0.01, 'e': 0.5735199860724567}",30,0,-53.209916960998726,"{0: 24, 1: 2, 2: 1, 3: 3, 4: 0}",0
97,False,"{'a': 0.01, 'e': 0.5652995311603544}",20,0,-63.10686786843782,"{0: 15, 1: 1, 2: 2, 3: 1, 4: 1}",0
98,False,"{'a': 0.01, 'e': 0.5570225467662173}",20,0,11.238131395034458,"{0: 18, 1: 2, 2: 0, 3: 0, 4: 0}",0
99,False,"{'a': 0.01, 'e': 0.5486898605815875}",20,0,-80.28096094257833,"{0: 14, 1: 0, 2: 4, 3: 1, 4: 1}",0
100,False,"{'a': 0.01, 'e': 0.5403023058681398}",20,0,0.9717784844145468,"{0: 17, 1: 2, 2: 1, 3: 0, 4: 0}",0
101,False,"{'a': 0.01, 'e': 0.5318607213743555}",25,0,-78.63882939548608,"{0: 19, 1: 1, 2: 2, 3: 2, 4: 1}",0
102,False,"{'a': 0.01, 'e': 0.5233659512516495}",30,14,-112.52452577403693,"{0: 10, 1: 0, 2: 3, 3: 1, 4: 2}",1
103,False,"{'a': 0.01, 'e': 0.5148188449699553}",30,1,-37.76166630744876,"{0: 21, 1: 3, 2: 5, 3: 0, 4: 0}",1
104,False,"{'a': 0.01, 'e': 0.5062202572327784}",20,10,-54.862182643307214,"{0: 6, 1: 1, 2: 2, 3: 0, 4: 1}",1
105,False,"{'a': 0.01, 'e': 0.49757104789172696}",30,10,7.704940367455225,"{0: 16, 1: 4, 2: 0, 3: 0, 4: 0}",1
106,False,"{'a': 0.01, 'e': 0.4888720818605275}",20,2,6.1919128562567085,"{0: 16, 1: 1, 2: 1, 3: 0, 4: 0}",1
107,False,"{'a': 0.01, 'e': 0.4801242290285341}",20,12,14.284591409691474,"{0: 8, 1: 0, 2: 0, 3: 0, 4: 0}",1
108,False,"{'a': 0.01, 'e': 0.47132836417373997}",25,13,2.524746299929322,"{0: 10, 1: 1, 2: 1, 3: 0, 4: 0}",1
109,False,"{'a': 0.01, 'e': 0.4624853668753008}",20,5,-10.246538193829352,"{0: 13, 1: 0, 2: 1, 3: 1, 4: 0}",1
110,False,"{'a': 0.01, 'e': 0.4535961214255773}",20,14,8.358805557212651,"{0: 6, 1: 0, 2: 0, 3: 0, 4: 0}",1
111,False,"{'a': 0.01, 'e': 0.4446615167417068}",25,13,3.2513413940782563,"{0: 11, 1: 0, 2: 1, 3: 0, 4: 0}",1
112,False,"{'a': 0.01, 'e': 0.4356824462767121}",20,9,9.641490563467244,"{0: 9, 1: 2, 2: 0, 3: 0, 4: 0}",1
113,False,"{'a': 0.01, 'e': 0.42665980793015723}",25,11,-5.882182712284449,"{0: 10, 1: 3, 2: 1, 3: 0, 4: 0}",1
114,False,"{'a': 0.01, 'e': 0.41759450395835795}",20,14,-11.44458565474599,"{0: 5, 1: 0, 2: 0, 3: 1, 4: 0}",1
115,False,"{'a': 0.01, 'e': 0.40848744088415717}",20,0,11.833742657189184,"{0: 19, 1: 0, 2: 1, 3: 0, 4: 0}",0
116,False,"{'a': 0.01, 'e': 0.3993395294062732}",25,7,-7.57222243688431,"{0: 15, 1: 1, 2: 2, 3: 0, 4: 0}",1
117,False,"{'a': 0.01, 'e': 0.3901516843082303}",30,13,-37.40011179541897,"{0: 12, 1: 1, 2: 3, 3: 1, 4: 0}",1
118,False,"{'a': 0.01, 'e': 0.38092482436688185}",20,1,-73.74495836417776,"{0: 15, 1: 0, 2: 2, 3: 0, 4: 2}",1
119,False,"{'a': 0.01, 'e': 0.371659872260533}",25,8,13.786127636046775,"{0: 16, 1: 0, 2: 1, 3: 0, 4: 0}",1
120,False,"{'a': 0.01, 'e': 0.3623577544766736}",20,0,29.13361107900531,"{0: 20, 1: 0, 2: 0, 3: 0, 4: 0}",0
121,False,"{'a': 0.01, 'e': 0.3530194012193304}",35,11,-19.557532192954188,"{0: 20, 1: 1, 2: 2, 3: 1, 4: 0}",1
122,False,"{'a': 0.01, 'e': 0.34364574631604705}",25,15,-8.41220749080647,"{0: 9, 1: 0, 2: 0, 3: 1, 4: 0}",1
123,False,"{'a': 0.01, 'e': 0.3342377271245026}",25,17,14.17180581120456,"{0: 8, 1: 0, 2: 0, 3: 0, 4: 0}",1
124,False,"{'a': 0.01, 'e': 0.32479628443877623}",30,16,18.320466446024696,"{0: 13, 1: 1, 2: 0, 3: 0, 4: 0}",1
125,False,"{'a': 0.01, 'e': 0.3153223623952687}",20,9,23.34998107398419,"{0: 11, 1: 0, 2: 0, 3: 0, 4: 0}",1
126,False,"{'a': 0.01, 'e': 0.30581690837828934}",25,0,-116.09802771694821,"{0: 18, 1: 0, 2: 4, 3: 1, 4: 2}",1
127,False,"{'a': 0.01, 'e': 0.29628087292531874}",30,9,-21.828694954724277,"{0: 15, 1: 2, 2: 4, 3: 0, 4: 0}",1
128,False,"{'a': 0.01, 'e': 0.2867152096319555}",25,7,6.970471161467182,"{0: 15, 1: 2, 2: 1, 3: 0, 4: 0}",1
129,False,"{'a': 0.01, 'e': 0.2771208750565576}",25,0,-82.38161410801584,"{0: 20, 1: 0, 2: 3, 3: 0, 4: 2}",0
130,False,"{'a': 0.01, 'e': 0.26749882862458735}",25,13,12.56078972646791,"{0: 11, 1: 0, 2: 1, 3: 0, 4: 0}",1
131,False,"{'a': 0.01, 'e': 0.25785003253266964}",25,17,13.647964402744119,"{0: 8, 1: 0, 2: 0, 3: 0, 4: 0}",1
132,False,"{'a': 0.01, 'e': 0.2481754516523729}",20,7,17.125138011260727,"{0: 13, 1: 0, 2: 0, 3: 0, 4: 0}",1
133,False,"{'a': 0.01, 'e': 0.23847605343372313}",25,13,4.281399010059092,"{0: 11, 1: 0, 2: 1, 3: 0, 4: 0}",1
134,False,"{'a': 0.01, 'e': 0.22875280780845939}",25,0,-40.19473493128853,"{0: 20, 1: 2, 2: 2, 3: 0, 4: 1}",1
135,False,"{'a': 0.01, 'e': 0.2190066870930415}",20,3,-4.6760955568324105,"{0: 14, 1: 1, 2: 2, 3: 0, 4: 0}",1
136,False,"{'a': 0.01, 'e': 0.20923866589141926}",25,0,15.998233594627807,"{0: 24, 1: 0, 2: 0, 3: 1, 4: 0}",0
137,False,"{'a': 0.01, 'e': 0.19944972099757285}",25,15,5.025086222133064,"{0: 8, 1: 2, 2: 0, 3: 0, 4: 0}",1
138,False,"{'a': 0.01, 'e': 0.18964083129783424}",30,16,1.9193501050485,"{0: 13, 1: 0, 2: 0, 3: 1, 4: 0}",1
139,False,"{'a': 0.01, 'e': 0.17981297767299936}",20,11,18.74536562011917,"{0: 9, 1: 0, 2: 0, 3: 0, 4: 0}",1
140,False,"{'a': 0.01, 'e': 0.16996714290024081}",25,12,15.286207806356856,"{0: 12, 1: 1, 2: 0, 3: 0, 4: 0}",1
141,False,"{'a': 0.01, 'e': 0.16010431155483126}",20,3,13.889354056636158,"{0: 16, 1: 0, 2: 1, 3: 0, 4: 0}",1
142,False,"{'a': 0.01, 'e': 0.15022546991168584}",25,4,-11.346103297332883,"{0: 20, 1: 0, 2: 0, 3: 0, 4: 1}",1
143,False,"{'a': 0.01, 'e': 0.14033160584673673}",20,0,31.620220400067137,"{0: 20, 1: 0, 2: 0, 3: 0, 4: 0}",0
144,False,"{'a': 0.01, 'e': 0.13042370873814554}",35,11,42.268359773578865,"{0: 24, 1: 0, 2: 0, 3: 0, 4: 0}",1
145,False,"{'a': 0.01, 'e': 0.12050276936736662}",25,3,1.999936835332245,"{0: 19, 1: 1, 2: 2, 3: 0, 4: 0}",1
146,False,"{'a': 0.01, 'e': 0.11056977982006959}",20,12,12.35242473163457,"{0: 8, 1: 0, 2: 0, 3: 0, 4: 0}",1
147,False,"{'a': 0.01, 'e': 0.10062573338693173}",25,20,6.8784810541028865,"{0: 5, 1: 0, 2: 0, 3: 0, 4: 0}",1
148,False,"{'a': 0.01, 'e': 0.09067162446430968}",25,7,-11.268082171813868,"{0: 17, 1: 0, 2: 0, 3: 0, 4: 1}",1
149,False,"{'a': 0.01, 'e': 0.08070844845480063}",30,19,18.74227298184248,"{0: 11, 1: 0, 2: 0, 3: 0, 4: 0}",1
150,False,"{'a': 0.01, 'e': 0.0707372016677029}",20,3,21.969176760305878,"{0: 17, 1: 0, 2: 0, 3: 0, 4: 0}",1
151,False,"{'a': 0.01, 'e': 0.0607588812193859}",25,11,23.684586544138305,"{0: 14, 1: 0, 2: 0, 3: 0, 4: 0}",1
152,False,"{'a': 0.01, 'e': 0.05077448493357918}",20,0,29.33699627009916,"{0: 20, 1: 0, 2: 0, 3: 0, 4: 0}",0
153,False,"{'a': 0.01, 'e': 0.040785011241591035}",20,8,17.54416917127279,"{0: 12, 1: 0, 2: 0, 3: 0, 4: 0}",1
154,False,"{'a': 0.01, 'e': 0.03079145908246612}",20,14,-1.4672373204508133,"{0: 5, 1: 0, 2: 1, 3: 0, 4: 0}",1
155,False,"{'a': 0.01, 'e': 0.020794827803092428}",20,8,22.776789784508882,"{0: 12, 1: 0, 2: 0, 3: 0, 4: 0}",1
156,False,"{'a': 0.01, 'e': 0.010796117058267392}",25,5,37.6768363521457,"{0: 20, 1: 0, 2: 0, 3: 0, 4: 0}",1
157,False,"{'a': 0.01, 'e': 0.0007963267107332633}",20,12,13.817432980389793,"{0: 8, 1: 0, 2: 0, 3: 0, 4: 0}",1
1,True,"{'a': 0.0, 'e': 0.0}",20,12,12.970967735631486,"{0: 8, 1: 0, 2: 0, 3: 0, 4: 0}",1
2,True,"{'a': 0.0, 'e': 0.0}",30,18,18.62842232130643,"{0: 12, 1: 0, 2: 0, 3: 0, 4: 0}",1
3,True,"{'a': 0.0, 'e': 0.0}",25,17,15.546919445352355,"{0: 8, 1: 0, 2: 0, 3: 0, 4: 0}",1
4,True,"{'a': 0.0, 'e': 0.0}",20,15,9.526764120593397,"{0: 5, 1: 0, 2: 0, 3: 0, 4: 0}",1
5,True,"{'a': 0.0, 'e': 0.0}",30,17,25.13334657533444,"{0: 13, 1: 0, 2: 0, 3: 0, 4: 0}",1
6,True,"{'a': 0.0, 'e': 0.0}",25,14,18.389113047244,"{0: 11, 1: 0, 2: 0, 3: 0, 4: 0}",1
7,True,"{'a': 0.0, 'e': 0.0}",20,16,7.782383602868805,"{0: 4, 1: 0, 2: 0, 3: 0, 4: 0}",1
8,True,"{'a': 0.0, 'e': 0.0}",25,17,14.680426183664904,"{0: 8, 1: 0, 2: 0, 3: 0, 4: 0}",1
9,True,"{'a': 0.0, 'e': 0.0}",30,11,32.896902755477,"{0: 19, 1: 0, 2: 0, 3: 0, 4: 0}",1
10,True,"{'a': 0.0, 'e': 0.0}",20,8,24.668364521305158,"{0: 12, 1: 0, 2: 0, 3: 0, 4: 0}",1
11,True,"{'a': 0.0, 'e': 0.0}",30,3,43.60813364151669,"{0: 27, 1: 0, 2: 0, 3: 0, 4: 0}",1
12,True,"{'a': 0.0, 'e': 0.0}",20,7,21.417442253249163,"{0: 13, 1: 0, 2: 0, 3: 0, 4: 0}",1
13,True,"{'a': 0.0, 'e': 0.0}",25,16,17.619449963036264,"{0: 9, 1: 0, 2: 0, 3: 0, 4: 0}",1
14,True,"{'a': 0.0, 'e': 0.0}",20,12,14.6066851750078,"{0: 8, 1: 0, 2: 0, 3: 0, 4: 0}",1
15,True,"{'a': 0.0, 'e': 0.0}",20,4,24.871114040309564,"{0: 16, 1: 0, 2: 0, 3: 0, 4: 0}",1
16,True,"{'a': 0.0, 'e': 0.0}",35,23,20.301367975793934,"{0: 12, 1: 0, 2: 0, 3: 0, 4: 0}",1
17,True,"{'a': 0.0, 'e': 0.0}",20,0,30.30291904907747,"{0: 20, 1: 0, 2: 0, 3: 0, 4: 0}",0
18,True,"{'a': 0.0, 'e': 0.0}",30,8,39.60634092647313,"{0: 22, 1: 0, 2: 0, 3: 0, 4: 0}",1
19,True,"{'a': 0.0, 'e': 0.0}",20,14,13.620920712039947,"{0: 6, 1: 0, 2: 0, 3: 0, 4: 0}",1
20,True,"{'a': 0.0, 'e': 0.0}",20,13,10.846811492207898,"{0: 7, 1: 0, 2: 0, 3: 0, 4: 0}",1
21,True,"{'a': 0.0, 'e': 0.0}",35,22,23.948499913386648,"{0: 13, 1: 0, 2: 0, 3: 0, 4: 0}",1
22,True,"{'a': 0.0, 'e': 0.0}",35,18,28.6838176489017,"{0: 17, 1: 0, 2: 0, 3: 0, 4: 0}",1
23,True,"{'a': 0.0, 'e': 0.0}",20,3,22.422757493734267,"{0: 17, 1: 0, 2: 0, 3: 0, 4: 0}",1
24,True,"{'a': 0.0, 'e': 0.0}",25,13,25.827963583126643,"{0: 12, 1: 0, 2: 0, 3: 0, 4: 0}",1
25,True,"{'a': 0.0, 'e': 0.0}",20,9,18.281108083775052,"{0: 11, 1: 0, 2: 0, 3: 0, 4: 0}",1
26,True,"{'a': 0.0, 'e': 0.0}",30,13,26.144819667938627,"{0: 17, 1: 0, 2: 0, 3: 0, 4: 0}",1
27,True,"{'a': 0.0, 'e': 0.0}",20,9,22.91044782589976,"{0: 11, 1: 0, 2: 0, 3: 0, 4: 0}",1
28,True,"{'a': 0.0, 'e': 0.0}",20,6,24.73898123884505,"{0: 14, 1: 0, 2: 0, 3: 0, 4: 0}",1
29,True,"{'a': 0.0, 'e': 0.0}",20,7,23.63587363207105,"{0: 13, 1: 0, 2: 0, 3: 0, 4: 0}",1
30,True,"{'a': 0.0, 'e': 0.0}",25,0,31.7549559185716,"{0: 25, 1: 0, 2: 0, 3: 0, 4: 0}",0
31,True,"{'a': 0.0, 'e': 0.0}",25,5,32.21660964335029,"{0: 20, 1: 0, 2: 0, 3: 0, 4: 0}",1
32,True,"{'a': 0.0, 'e': 0.0}",20,16,5.987718661358901,"{0: 4, 1: 0, 2: 0, 3: 0, 4: 0}",1
33,True,"{'a': 0.0, 'e': 0.0}",30,20,15.761057642781388,"{0: 10, 1: 0, 2: 0, 3: 0, 4: 0}",1
34,True,"{'a': 0.0, 'e': 0.0}",20,6,19.55928505086541,"{0: 14, 1: 0, 2: 0, 3: 0, 4: 0}",1
35,True,"{'a': 0.0, 'e': 0.0}",20,9,17.15205206277236,"{0: 11, 1: 0, 2: 0, 3: 0, 4: 0}",1
36,True,"{'a': 0.0, 'e': 0.0}",30,7,36.663688990142134,"{0: 23, 1: 0, 2: 0, 3: 0, 4: 0}",1
37,True,"{'a': 0.0, 'e': 0.0}",20,10,18.616474633324593,"{0: 10, 1: 0, 2: 0, 3: 0, 4: 0}",1
38,True,"{'a': 0.0, 'e': 0.0}",20,9,20.45836415505442,"{0: 11, 1: 0, 2: 0, 3: 0, 4: 0}",1
39,True,"{'a': 0.0, 'e': 0.0}",20,14,9.970137253650389,"{0: 6, 1: 0, 2: 0, 3: 0, 4: 0}",1
40,True,"{'a': 0.0, 'e': 0.0}",30,16,26.72939099935636,"{0: 14, 1: 0, 2: 0, 3: 0, 4: 0}",1
41,True,"{'a': 0.0, 'e': 0.0}",25,15,18.74131838168562,"{0: 10, 1: 0, 2: 0, 3: 0, 4: 0}",1
42,True,"{'a': 0.0, 'e': 0.0}",20,12,17.102032565866505,"{0: 8, 1: 0, 2: 0, 3: 0, 4: 0}",1
43,True,"{'a': 0.0, 'e': 0.0}",30,16,29.09623865958898,"{0: 14, 1: 0, 2: 0, 3: 0, 4: 0}",1
44,True,"{'a': 0.0, 'e': 0.0}",20,10,15.819465700119387,"{0: 10, 1: 0, 2: 0, 3: 0, 4: 0}",1
45,True,"{'a': 0.0, 'e': 0.0}",20,0,33.638602685747614,"{0: 20, 1: 0, 2: 0, 3: 0, 4: 0}",0
46,True,"{'a': 0.0, 'e': 0.0}",30,14,27.262288734453747,"{0: 16, 1: 0, 2: 0, 3: 0, 4: 0}",1
47,True,"{'a': 0.0, 'e': 0.0}",25,15,18.133568681293436,"{0: 10, 1: 0, 2: 0, 3: 0, 4: 0}",1
48,True,"{'a': 0.0, 'e': 0.0}",20,14,12.490801855509405,"{0: 6, 1: 0, 2: 0, 3: 0, 4: 0}",1
49,True,"{'a': 0.0, 'e': 0.0}",35,24,18.293491071557682,"{0: 11, 1: 0, 2: 0, 3: 0, 4: 0}",1
50,True,"{'a': 0.0, 'e': 0.0}",20,4,31.45852502001736,"{0: 16, 1: 0, 2: 0, 3: 0, 4: 0}",1
51,True,"{'a': 0.0, 'e': 0.0}",25,0,37.78948649955444,"{0: 25, 1: 0, 2: 0, 3: 0, 4: 0}",0
52,True,"{'a': 0.0, 'e': 0.0}",30,13,30.110295855975227,"{0: 17, 1: 0, 2: 0, 3: 0, 4: 0}",1
53,True,"{'a': 0.0, 'e': 0.0}",20,14,8.793909939640882,"{0: 6, 1: 0, 2: 0, 3: 0, 4: 0}",1
54,True,"{'a': 0.0, 'e': 0.0}",20,12,14.339984504344317,"{0: 8, 1: 0, 2: 0, 3: 0, 4: 0}",1
55,True,"{'a': 0.0, 'e': 0.0}",20,6,23.561711924195663,"{0: 14, 1: 0, 2: 0, 3: 0, 4: 0}",1
56,True,"{'a': 0.0, 'e': 0.0}",20,2,24.784809685940022,"{0: 18, 1: 0, 2: 0, 3: 0, 4: 0}",1
57,True,"{'a': 0.0, 'e': 0.0}",25,2,31.39780735947787,"{0: 23, 1: 0, 2: 0, 3: 0, 4: 0}",1
58,True,"{'a': 0.0, 'e': 0.0}",20,12,15.647582390364697,"{0: 8, 1: 0, 2: 0, 3: 0, 4: 0}",1
59,True,"{'a': 0.0, 'e': 0.0}",30,10,36.38885714468942,"{0: 20, 1: 0, 2: 0, 3: 0, 4: 0}",1
60,True,"{'a': 0.0, 'e': 0.0}",20,5,20.972202693935117,"{0: 15, 1: 0, 2: 0, 3: 0, 4: 0}",1
61,True,"{'a': 0.0, 'e': 0.0}",30,0,31.14298816642208,"{0: 30, 1: 0, 2: 0, 3: 0, 4: 0}",0
62,True,"{'a': 0.0, 'e': 0.0}",25,18,12.93788038704083,"{0: 7, 1: 0, 2: 0, 3: 0, 4: 0}",1
63,True,"{'a': 0.0, 'e': 0.0}",25,11,24.784104502158524,"{0: 14, 1: 0, 2: 0, 3: 0, 4: 0}",1
64,True,"{'a': 0.0, 'e': 0.0}",20,14,11.035732274599393,"{0: 6, 1: 0, 2: 0, 3: 0, 4: 0}",1
65,True,"{'a': 0.0, 'e': 0.0}",20,8,20.533258015692827,"{0: 12, 1: 0, 2: 0, 3: 0, 4: 0}",1
66,True,"{'a': 0.0, 'e': 0.0}",20,13,12.033761855164585,"{0: 7, 1: 0, 2: 0, 3: 0, 4: 0}",1
67,True,"{'a': 0.0, 'e': 0.0}",25,19,8.611046629506465,"{0: 6, 1: 0, 2: 0, 3: 0, 4: 0}",1
68,True,"{'a': 0.0, 'e': 0.0}",25,0,40.87883367351737,"{0: 25, 1: 0, 2: 0, 3: 0, 4: 0}",0
69,True,"{'a': 0.0, 'e': 0.0}",20,16,8.707706364494292,"{0: 4, 1: 0, 2: 0, 3: 0, 4: 0}",1
70,True,"{'a': 0.0, 'e': 0.0}",20,10,15.958241656844736,"{0: 10, 1: 0, 2: 0, 3: 0, 4: 0}",1
71,True,"{'a': 0.0, 'e': 0.0}",30,24,12.408529962711906,"{0: 6, 1: 0, 2: 0, 3: 0, 4: 0}",1
72,True,"{'a': 0.0, 'e': 0.0}",20,16,7.213389044477063,"{0: 4, 1: 0, 2: 0, 3: 0, 4: 0}",1
73,True,"{'a': 0.0, 'e': 0.0}",20,9,19.737595839245856,"{0: 11, 1: 0, 2: 0, 3: 0, 4: 0}",1
74,True,"{'a': 0.0, 'e': 0.0}",35,22,22.140586512027618,"{0: 13, 1: 0, 2: 0, 3: 0, 4: 0}",1
75,True,"{'a': 0.0, 'e': 0.0}",25,10,26.245003900147484,"{0: 15, 1: 0, 2: 0, 3: 0, 4: 0}",1
76,True,"{'a': 0.0, 'e': 0.0}",25,0,39.86374997430662,"{0: 25, 1: 0, 2: 0, 3: 0, 4: 0}",0
77,True,"{'a': 0.0, 'e': 0.0}",20,8,25.410155943801936,"{0: 12, 1: 0, 2: 0, 3: 0, 4: 0}",1
78,True,"{'a': 0.0, 'e': 0.0}",20,15,10.523664823257924,"{0: 5, 1: 0, 2: 0, 3: 0, 4: 0}",1
79,True,"{'a': 0.0, 'e': 0.0}",20,3,28.6807856955141,"{0: 17, 1: 0, 2: 0, 3: 0, 4: 0}",1
80,True,"{'a': 0.0, 'e': 0.0}",30,17,27.00778418956641,"{0: 13, 1: 0, 2: 0, 3: 0, 4: 0}",1
81,True,"{'a': 0.0, 'e': 0.0}",20,6,20.501551644335045,"{0: 14, 1: 0, 2: 0, 3: 0, 4: 0}",1
82,True,"{'a': 0.0, 'e': 0.0}",25,1,40.0997000224758,"{0: 24, 1: 0, 2: 0, 3: 0, 4: 0}",1
83,True,"{'a': 0.0, 'e': 0.0}",25,17,17.506750133327383,"{0: 8, 1: 0, 2: 0, 3: 0, 4: 0}",1
84,True,"{'a': 0.0, 'e': 0.0}",25,0,30.792268035024588,"{0: 25, 1: 0, 2: 0, 3: 0, 4: 0}",0
85,True,"{'a': 0.0, 'e': 0.0}",25,18,15.228752220151915,"{0: 7, 1: 0, 2: 0, 3: 0, 4: 0}",1
86,True,"{'a': 0.0, 'e': 0.0}",30,13,30.88767106955073,"{0: 17, 1: 0, 2: 0, 3: 0, 4: 0}",1
87,True,"{'a': 0.0, 'e': 0.0}",25,3,38.02627959389418,"{0: 22, 1: 0, 2: 0, 3: 0, 4: 0}",1
88,True,"{'a': 0.0, 'e': 0.0}",20,0,32.49019327261068,"{0: 20, 1: 0, 2: 0, 3: 0, 4: 0}",0
89,True,"{'a': 0.0, 'e': 0.0}",20,7,18.287771246493822,"{0: 13, 1: 0, 2: 0, 3: 0, 4: 0}",1
90,True,"{'a': 0.0, 'e': 0.0}",20,0,31.186183063216454,"{0: 20, 1: 0, 2: 0, 3: 0, 4: 0}",0
91,True,"{'a': 0.0, 'e': 0.0}",20,8,17.23793671095195,"{0: 12, 1: 0, 2: 0, 3: 0, 4: 0}",1
92,True,"{'a': 0.0, 'e': 0.0}",20,7,21.044335889686263,"{0: 13, 1: 0, 2: 0, 3: 0, 4: 0}",1
93,True,"{'a': 0.0, 'e': 0.0}",20,0,27.590309015413613,"{0: 20, 1: 0, 2: 0, 3: 0, 4: 0}",0
94,True,"{'a': 0.0, 'e': 0.0}",25,8,28.086417159074426,"{0: 17, 1: 0, 2: 0, 3: 0, 4: 0}",1
95,True,"{'a': 0.0, 'e': 0.0}",20,8,12.256750850326233,"{0: 12, 1: 0, 2: 0, 3: 0, 4: 0}",1
96,True,"{'a': 0.0, 'e': 0.0}",25,14,21.750646198048933,"{0: 11, 1: 0, 2: 0, 3: 0, 4: 0}",1
97,True,"{'a': 0.0, 'e': 0.0}",20,4,24.940077617584304,"{0: 16, 1: 0, 2: 0, 3: 0, 4: 0}",1
98,True,"{'a': 0.0, 'e': 0.0}",30,8,36.020461460756614,"{0: 22, 1: 0, 2: 0, 3: 0, 4: 0}",1
99,True,"{'a': 0.0, 'e': 0.0}",25,20,9.638646580062854,"{0: 5, 1: 0, 2: 0, 3: 0, 4: 0}",1
100,True,"{'a': 0.0, 'e': 0.0}",20,10,19.283304890332495,"{0: 10, 1: 0, 2: 0, 3: 0, 4: 0}",1
